userId,movieId,tag,timestamp
14,54,sandra 'boring' bullock,1138537770
14,872,dentist,1193435061
14,7251,Cambodia,1170560997
14,2457,Russian,1170626366
14,379,forgettable,1141391765
14,1466,short,1141391873
14,1470,dull story,1141391806
14,1494,powerpoint,1169616291
14,1763,activist,1425876220
14,1763,documentary,1425876220
14,1763,uganda,1425876220
22,29,Ron Howard,1148672905
67,263,music,1249808064
67,263,weird,1249808102
67,1417,Steve Martin,1249808497
72,4046,action,1430799184
72,4046,anime,1430799184
72,4046,kung fu,1430799184
72,4054,drama,1431584497
72,4054,indie,1431584497
72,4054,love,1431584497
72,4070,b movie,1432523704
72,4070,comedt,1432523704
72,4070,horror,1432523704
76,766,Trilogy of the Imagination,1163220043
76,18,Gilliam,1163220138
76,18,Trilogy of the Imagination,1163220039
76,3390,Trilogy of the Imagination,1163220065
76,7753,Gilliam,1163220167
76,1301,Takashi Miike,1163219591
76,6248,Gilliam,1163220186
83,49,intense,1429911417
83,49,r:violence,1429911417
83,49,tarantino,1429911417
90,1174,parody,1448813502
93,756,emotional,1291781542
93,756,tragedy,1291781538
93,1578,original plot,1291781246
93,1625,Predictable,1291780920
131,8440,jesus,1367909949
131,6204,jesus,1367909949
131,5966,jesus,1367909949
131,4705,No progress,1283581045
131,4705,Too slow,1283581045
131,4705,Views,1283581045
137,143,cult classic,1440379022
137,143,Science Fiction,1440379018
137,194,cult film,1440380361
137,194,jack nicholson,1440380355
137,194,psychological,1440380357
137,194,Stanley Kubrick,1440380352
137,459,genius,1440380467
137,459,intellectual,1440380463
137,459,mathematics,1440380466
137,459,psychology,1440380470
137,474,Mindfuck,1440380125
137,474,nonlinear,1440380113
137,474,psychology,1440380115
137,474,twist ending,1440380118
137,359,genius,1440380440
137,359,intelligent,1440380446
137,359,math,1440380438
137,359,mathematics,1440380436
137,359,twist ending,1440380448
137,1507,Christopher Nolan,1440380053
137,1507,complicated,1440380062
137,1507,Hugh Jackman,1440380072
137,1507,nonlinear,1440380067
137,1507,psychological,1440380064
137,1507,twist ending,1440380047
137,564,alternate reality,1440380233
137,564,Christopher Nolan,1440380255
137,564,intellectual,1440380251
137,564,mindfuck,1440380252
137,564,philosophy,1440380242
137,564,sci-fi,1440380239
137,564,twist ending,1440380245
137,1811,artificial intelligence,1440379984
137,1811,Christopher Nolan,1440380001
137,1811,good science,1440379977
137,1811,interesting ideea,1440379991
137,1811,philosophical issues,1440379996
137,1811,physics,1440379925
137,1811,relativity,1440380500
137,1811,sci-fi,1440380008
137,1811,sentimental,1440379993
137,1811,space,1440379974
137,1811,time travel,1440379981
137,1811,time-travel,1440379968
148,1863,eerie,1436920551
148,1863,friendship,1436920551
148,1863,teenagers,1436920551
151,3191,World War II,1335900622
163,505,Quirky,1179031045
175,483,Tom Cruise,1378384753
175,1398,Brad Pitt,1341055445
175,1437,Nicolas Cage,1341055378
175,3397,Johnny Depp,1340916254
175,576,sexist,1384107184
178,143,nerdy,1436669973
178,143,Science Fiction,1436669968
186,2584,Emilio Estevez,1233517175
199,143,critically acclaimed,1437932756
199,143,Science Fiction,1437932763
199,6777,strong female presence,1438023607
211,2,emotional,1253930128
211,2,revenge,1253930131
211,2,true story,1253930149
211,584,cult film,1253929373
211,584,dark comedy,1253929372
211,584,satirical,1253929376
211,4197,British,1253930034
211,2644,childish plot,1253930390
211,2644,plot holes,1253930395
211,2644,superhero,1253930399
211,2704,Kevin Costner,1253930539
211,2704,snorefest,1253930543
211,1015,vigilantism,1218405594
211,408,anti-hero,1253929917
211,408,Cole Hauser,1253929922
211,408,Vin Diesel,1253929910
211,1018,Amanda Peet,1253929798
211,1018,Matthew Perry,1253929802
211,1018,Rosanna Arquette,1253929813
211,603,Bill Murray,1253931205
211,603,quirky,1253931216
211,1093,cheerleading,1253932873
211,1093,Eliza Dushku,1253932876
211,1093,Overrated,1253932878
211,3020,standard romantic comedy,1253933882
211,1241,video game adaptation,1253930587
211,1279,play enough video games and you can become an NSA agent,1253930345
211,1279,ridiculous training sequence,1253930342
211,1394,Guillermo del Toro,1253929290
211,1394,steampunk,1253929296
211,1394,superhero,1253929293
211,3104,Oded Fehr,1253930624
211,3104,post-apocalyptic,1253930636
211,3104,Sienna Guillory,1253930633
211,3104,zombies,1253930644
211,2046,Beautiful Woman,1253926735
211,2046,campy,1253926723
211,2046,irreverent,1253926726
211,2046,quirky,1253926728
211,2046,Roman Polanski,1253926730
211,1451,good animation,1253931241
211,1451,interesting concept - bad execution,1253931234
211,1451,surrealism,1253931244
211,1464,aliens,1253928597
211,1464,black comedy,1253928590
211,1464,Firefly,1253928585
211,2463,disappointing,1253929514
211,2463,overrated,1253929532
211,2463,Viggo Mortensen,1253929518
211,1505,dark,1218405627
211,1505,fairytale,1218405627
211,1563,alternate reality,1253926526
211,1563,diluted version of comic,1253926511
211,1563,dystopia,1253926517
211,1563,stylized,1253926519
211,3931,high school,1253932469
211,3931,Kristen Stewart,1253932484
211,3931,Robert Pattinson,1253932481
211,3931,Teen movie,1253932459
211,3931,Vampire Human Love,1253932463
211,1578,adapted from:book,1253929184
211,1578,Aging Disorder,1253929189
211,1578,Brad Pitt,1253929141
211,1578,cinematography,1253929177
211,1578,drama,1253929173
211,1578,original plot,1253929180
211,1578,slow parts,1253929162
211,1578,touching,1253929169
211,1581,alternate universe,1253926354
211,1581,author:Neil Gaiman,1253926328
211,1581,claymation,1253926330
211,1581,Dakota Fanning,1253926349
211,1581,dark,1253926337
211,1581,fairy tale,1253926364
211,1581,Neil Gaiman,1253926360
211,1586,Captain Hammer,1253926165
211,1586,joss whedon,1253926158
211,1586,mad scientist,1253926186
211,1586,musical,1253926178
211,1586,Nathan Fillion,1253926182
211,1586,Neil Patrick Harris,1253926160
211,1586,parody,1253926168
211,1592,Brad Pitt,1253926443
211,1592,ending,1253926451
211,1592,gratuitous violence,1253926429
211,1592,Quentin Tarantino,1253926404
211,1592,satire,1253926435
211,1592,unusual plot structure,1253926417
211,1592,violence,1253926426
211,1592,World War II,1253926408
211,1595,action,1253928934
211,1595,bad plot,1253928950
211,1595,hugh jackman,1253928926
211,1595,superhero,1253928935
211,1595,too long,1253928954
211,1607,bad plot,1253929636
211,1607,robots,1253929657
211,1607,sufficiently explodey to be good,1253929639
211,3242,Abigail Breslin,1260688098
211,3242,ending,1260688053
211,3242,genuine characters,1260688086
211,3242,Jason Patric,1260688105
211,3246,animation style,1253926100
218,1498,funny,1156788918
218,1498,nascar,1156788904
218,1498,will farell,1156788913
218,3866,beer,1156788764
218,3866,guy movie,1156788774
254,2418,breathtaking,1237060605
254,130,i'd like to live in this movie,1237060140
254,1480,breathtaking,1237060235
256,981,akira kurosawa,1338084833
256,981,black comedy,1338084822
276,1289,anime,1463916275
276,1289,children,1463916304
276,1289,fantasy,1463916289
276,2397,fantasy,1463916386
276,2397,feel-good,1463916401
276,1657,bad acting,1463916776
276,1657,bad plot,1463916772
276,5953,anime,1463916484
276,1881,sci-fi,1463916817
293,1348,vampire,1138983469
293,1425,1940's feel,1140395930
293,1425,unique look,1140395930
293,4974,fairy tales,1138983064
296,320,adam sandler,1318706504
296,505,overrated,1318706739
296,2176,overrated,1318706182
296,341,that fat nerd is just annoying,1318706118
296,1412,seen it before,1318706449
296,3866,Just stupid,1318706536
296,1521,overrated,1318706470
296,1537,overrated,1318706705
296,1565,Exellent first half,1318706053
296,1565,terrible ending,1318706042
296,1631,Gore!!!,1318706275
296,1631,sort of honest,1318706296
296,1636,Lame everything,1318706227
312,30,Ei muista,1168879424
312,387,Ei muista,1168878292
312,148,Ei muista,1168879406
312,705,Ei muista,1168878844
312,92,Katso Sanna!,1146476938
312,431,Ei muista,1146476364
312,432,Ei muista,1168878578
312,157,Katso Sanna!,1146476794
312,170,Ei muista,1168878388
312,2171,Katso Sanna!,1146477133
312,755,Katso Sanna!,1146477118
312,181,Katso Sanna!,1146477102
312,202,Ei muista,1146476308
312,828,Katso Sanna!,1146476692
312,457,Ei muista,1168878593
312,338,Ei muista,1146477049
312,464,Ei muista,1146477033
312,935,Ei muista,1168879003
312,971,Ei muista,1168878743
312,2675,Ei muista,1168878972
312,996,Ei muista,1168878736
312,645,Ei muista,1168879647
312,1044,Ei muista,1168878727
312,598,Katso Sanna!,1146476954
312,469,Ei muista,1146476265
312,125,Ei muista,1168878697
312,1115,Ei muista,1168879611
312,471,Ei muista,1168878363
312,1125,ei muista,1146477341
312,1139,Katso Sanna!,1146477233
312,1148,Ei muista,1146476274
312,1184,Ei muista,1146477217
312,481,Ei muista,1146476225
312,4202,Ei muista,1168879553
312,366,Ei muista,1146477184
312,2431,Ei muista,1168879177
312,1422,Ei muista,1168879161
312,1479,Ei muista,1168878406
313,143,awesome,1437338154
313,143,awesome soundtrack,1437338150
313,143,jedi,1437338139
313,143,space adventure,1437338130
345,3135,anime,1159734531
345,434,boring,1159734220
345,434,slow,1159734220
345,170,explosions,1159734488
345,766,dystopia,1159734421
345,2190,anime,1159734245
345,398,long,1159734734
345,402,sci-fi,1159734634
345,402,virtual reality,1159734636
345,3677,martial arts,1159734502
345,343,interesting,1159734363
345,317,explosions,1159734552
345,317,martial arts,1159734552
345,470,martial arts,1159734445
345,480,long,1159734600
345,1993,explosions,1159734683
345,1993,interesting,1159734683
345,1299,boring,1159734233
345,412,boring,1159734622
345,412,long,1159734622
345,3141,anime,1159734417
345,1339,Johnny Depp,1159734656
345,3142,anime,1159734652
345,2020,explosions,1159734326
345,2020,martial arts,1159734467
345,413,martial arts,1159734555
345,129,boring,1159734608
345,129,long,1159734608
345,130,interesting,1159734515
345,3789,martial arts,1159734589
345,6532,Long,1159734165
345,416,comedy,1159734745
345,416,zombies,1159734745
345,1435,super-hero,1159734563
345,5134,apocalypse,1159734706
345,5134,interesting,1159734706
345,3812,explosions,1159734379
345,2056,comedy,1159734584
345,2056,martial arts,1159734584
345,2056,Stephen Chow,1159734584
345,497,bad camerawork,1159734301
345,497,slow,1159734301
346,111,romance,1463337171
346,1865,space,1463337217
346,1865,star,1463337213
352,6550,As historicaly correct as Germany winning WW2,1140389056
352,6550,but still a fun movie.,1140389056
352,5888,"The Rocks ""finest"" work need I say more?",1140389511
352,4108,Try not to mistake this for an episode of Alias,1140389595
352,7095,Mossad,1142686944
352,380,dumb,1137217440
363,23,biblical,1444534976
363,23,crime,1444534982
363,23,dark,1444534994
363,23,disturbing,1444534971
363,23,greed,1444534998
363,23,horror,1444534981
363,23,serial killer,1444534961
363,23,violent,1444534985
363,24,thriller,1444534932
363,685,aging,1444531181
363,685,Ang Lee,1444531177
363,685,cooking,1444531178
363,685,food,1444531186
363,685,relationships,1444531173
363,387,assassin,1444534872
363,387,hit men,1444534872
363,387,thriller,1444534887
363,99,friendship,1444529800
363,99,Morgan Freeman,1444529792
363,99,narrated,1444529829
363,99,prison,1444529824
363,99,prison escape,1444529820
363,99,revenge,1444529816
363,99,Tim Robbins,1444529804
363,99,wrongful imprisonment,1444529809
363,760,imaginative,1444528969
363,760,intellectual,1444528955
363,760,Irene Jacob,1444528944
363,760,Krzysztof Kieslowski,1444528941
363,760,lyrical,1444528947
363,106,action,1444529881
363,106,aliens,1444529879
363,106,George Lucas,1444529892
363,106,Harrison Ford,1444529867
363,106,sci-fi,1444529889
363,106,sequel,1444529879
363,106,space,1444529864
363,106,Star Wars,1444529869
363,106,starship pilots,1444529899
363,106,war,1444529884
363,196,alternate reality,1444530190
363,196,Bill Murray,1444530207
363,196,character development,1444530216
363,196,comedy,1444530195
363,196,existentialism,1444530199
363,196,feel-good,1444530209
363,196,funny,1444530200
363,196,love,1444530219
363,196,romantic,1444530228
363,196,self discovery,1444530203
363,584,great dialogue,1444535166
363,584,Jeff Bridges,1444535201
363,584,Nudity (Full Frontal),1444535170
363,584,off-beat comedy,1444535205
363,584,quirky,1444535198
363,584,satirical,1444535172
363,584,Steve Buscemi,1444535164
363,2314,coming of age,1444530920
363,2314,funny,1444530913
363,340,bookshop,1444530521
363,340,happy ending,1444530524
363,340,Meg Ryan,1444530516
363,340,Romance,1444530517
363,340,romantic comedy,1444530529
363,340,Tom Hanks,1444530527
363,349,awkward,1444529225
363,351,creative,1444529752
363,351,funny,1444529739
363,351,Helen Hunt,1444529729
363,351,hilarious,1444529746
363,351,Mel Gibson,1444529756
363,351,stereotypes,1444529760
363,479,beautifully filmed,1444528866
363,479,comedy,1444528870
363,479,feel-good,1444528900
363,479,imagination,1444528880
363,479,love,1444528875
363,479,notable soundtrack,1444528857
363,479,quirky,1444528852
363,479,whimsical,1444528860
363,361,comedy,1444529040
363,361,family,1444529044
363,361,funny,1444529038
363,3141,aviation,1444531651
363,3141,funny,1444531664
363,3141,imagination,1444531644
363,3141,Studio Ghibli,1444531642
363,3141,visually appealing,1444531647
363,1339,comedy,1444529977
363,1339,Disney,1444529957
363,1339,funny,1444529960
363,1339,johnny depp,1444529962
363,1339,magic,1444529965
363,1339,Orlando Bloom,1444529978
363,1339,pirates,1444529987
363,1339,sword fight,1444529953
363,2429,family,1444535334
363,2429,funny,1444535340
363,2429,Steve Martin,1444535326
363,372,american idiocy,1444531783
363,372,documentary,1444531780
363,372,social criticism,1444531787
363,558,thriller,1444534834
363,3152,anime,1444530775
363,3152,Hayao Miyazaki,1444530771
363,3152,Studio Ghibli,1444530778
363,3824,military,1444534772
363,3824,sci-fi,1444534765
363,6614,Billy Bob Thornton,1444531424
363,6614,comedy,1444531438
363,6614,cursing,1444531450
363,6614,funny,1444531430
363,6614,redemption,1444531445
363,1496,beauty pageant,1444529380
363,1496,family,1444529368
363,1496,independent film,1444529351
363,1496,off-beat comedy,1444529354
363,1496,quirky,1444529369
363,1496,road trip,1444529384
363,1496,satire,1444529372
363,1496,steve carell,1444529375
363,1540,comedy,1444535241
363,1540,indie,1444535247
363,1540,pregnancy,1444535236
363,1540,teen pregnancy,1444535244
363,1540,witty,1444535238
363,1578,Aging,1444531050
363,1578,Brad Pitt,1444531041
363,1578,original plot,1444531048
363,1578,philosophical,1444531044
363,1586,comedy,1444530699
363,1586,great soundtrack,1444530694
363,1586,mad scientist,1444530688
363,1586,Neil Patrick Harris,1444530691
363,1586,parody,1444530697
363,1597,sci fi,1444530041
363,1597,spock,1444530038
363,1597,Star Trek,1444530030
363,1597,teleportation,1444530045
363,1622,aliens,1444529449
363,1622,graphic design,1444529463
363,1622,predictable,1444529440
363,1622,racism,1444529457
363,1622,sci-fi,1444529439
363,6296,drama,1444530864
363,6296,historical,1444530873
363,6296,interesting,1444530861
363,3477,cocaine,1444529273
363,3477,crude humor,1444529258
363,3477,directorial debut,1444529282
363,3477,Mark Wahlberg,1444529284
363,575,Ang Lee,1444531076
363,575,India,1444531086
363,575,ocean,1444531083
363,575,visually appealing,1444531077
363,3317,Disney,1444530267
363,3317,feminist,1444530281
363,3317,musical,1444530270
363,3317,storyline,1444530270
363,6615,beautiful scenery,1444529645
363,6615,coming of age,1444529671
363,6615,dark humor,1444529660
363,6615,Fernando E. Solanas,1444529608
363,6615,imaginative,1444529635
363,6615,quirky,1444529613
363,6615,whimsical,1444529629
363,1810,amazing storytelling,1444529104
363,1810,Bill Murray,1444529124
363,1810,cinematography,1444529143
363,1810,eastern europe,1444529119
363,1810,europe,1444529115
363,1810,historical,1444529139
363,1810,on the run,1444529148
363,1810,quirky,1444529109
363,1847,comedy,1444530392
363,1847,Coming of Age,1444530417
363,1847,family,1444530402
363,1847,friends,1444530410
363,1847,funny,1444530394
363,1847,happy ending,1444530413
363,1847,heartwarming,1444528813
363,1847,inspiring,1444530404
363,1847,japanese influence,1444528772
363,1847,pixar,1444530397
363,1847,technology,1444528781
363,5456,comedy,1444530159
363,5456,fairy tale,1444530100
363,5456,funny,1444530106
363,5456,great soundtrack,1444530127
363,5456,imaginative,1444530113
363,5456,meryl streep,1444530142
363,5456,musical,1444530098
363,1888,coming of age,1444530618
363,1888,creative,1444530620
363,1888,happiness,1444530631
363,1888,imaginative,1444530628
363,1888,Pixar,1444530633
376,3892,Why the terrorists hate us,1187054169
379,6630,predictable,1148077862
401,143,coming of age,1443393648
401,143,"space epic, science fiction, hero's journey",1443393664
422,385,cult film,1354033605
422,385,Martin Scorsese,1354033608
422,385,social commentary,1354033602
422,97,stylized,1353702088
422,97,surreal,1353702083
422,97,surrealism,1353702082
422,97,visceral,1353702078
422,431,animation,1354033746
422,172,dark comedy,1353703178
422,172,dark humor,1353703182
422,172,John Cleese,1353703171
422,172,quirky,1353703185
422,435,Monty Python,1354033667
422,173,nonlinear,1354033640
422,173,organized crime,1354033636
422,173,Quentin Tarantino,1354033638
422,186,Alfred Hitchcock,1354033644
422,186,psychology,1354033646
422,2245,Marx Brothers,1354033718
422,194,cult film,1354033633
422,194,psychology,1354033630
422,842,dark comedy,1354033685
422,897,disturbing,1354033600
422,401,post-apocalyptic,1354033650
422,401,twist ending,1354033653
422,981,atmospheric,1354033596
422,2353,insanity,1353702162
422,2353,psychological thriller,1353702155
422,1289,atmospheric,1354033628
422,1289,surreal,1354033624
422,1291,Dave Foley,1354033569
422,1322,Adam Sandler,1354044970
422,5715,Satoshi Kon,1354033681
422,5604,elegant,1353701935
422,7035,stylized,1354033620
422,7035,violent,1354033611
422,1448,depressing,1353702390
422,1448,disturbing,1353702357
422,1448,hallucinatory,1353702345
422,1448,paranoid,1353702396
422,1448,revenge,1353702393
422,1448,stylized,1353702395
422,1448,twist ending,1353702400
422,1448,vengeance,1353702404
422,4827,Takashi Miike,1354033711
422,2456,Studio Ghibli,1354033715
422,4181,anime,1354033657
422,1537,coen brothers,1354033663
422,137,Batman,1354033727
422,1591,british,1354033698
422,1591,politics,1354033700
422,1591,satire,1354033695
430,651,steve martin,1140455432
430,29,tom hanks,1165548454
430,35,hugh grant,1140455419
430,682,ethan hawke,1165548716
430,2277,meg ryan,1140455397
430,688,school,1140455370
430,143,classic,1140454408
430,50,Ralph Fiennes,1165548551
430,99,Phenomenal!,1140454312
430,1941,Johnny Depp***,1140455226
430,56,overrated,1140455303
430,58,didn't get it,1140455255
430,64,Sandra Bullock,1140454879
430,450,very funny!,1140454299
430,578,jodi foster,1140455238
430,87,sweet,1140455292
430,453,edward norton,1140455195
430,94,creepy good,1140454443
430,732,jimmy stewart,1140455208
430,507,claire daines,1140455275
430,507,clever,1140455275
430,507,Leonardo DiCaprio,1140455275
430,507,shakespeare,1140455275
430,439,denzel washington,1140455181
430,389,war,1140455073
430,195,r. phoneix,1140455011
430,202,cool,1140454996
430,391,billy bob thorton,1140455032
430,211,not too thrilled,1140455126
430,817,cheezy to the max!,1140454281
430,831,moody,1165548220
430,392,hillarious,1140455102
430,4477,good but not accurate,1140454574
430,224,stallone,1140455043
430,873,il,1165548392
430,873,lake forest,1165548392
430,3111,not worth your time,1140454610
430,879,liked the other two better,1140455152
430,398,classic,1140455086
430,245,cute,1140454548
430,263,Micheal Keaton,1140454821
430,910,must see,1140454589
430,519,colin firth,1165548675
430,519,Gwenth Paltrow,1165548675
430,519,joseph fiennes,1165548675
430,402,philosophy,1140454933
430,404,cool and great music,1140454393
430,943,stupidity,1140454856
430,407,controversial,1140454805
430,990,stupid,1140455730
430,344,Tom Hanks,1140454833
430,5558,boring,1140455703
430,1026,tim robbins,1140455685
430,409,mel gibson,1140454892
430,1083,stupid,1140455743
430,598,can't stand rogue!,1140454770
430,1095,renee z,1140455496
430,4665,boring,1140455549
430,1115,predictable,1140454952
430,2966,okay,1140454522
430,2767,overrated,1140455478
430,354,witty!,1140454779
430,1163,keanu reeves,1140455511
430,1166,no desire to see this,1140454634
430,410,thora birch,1140455465
430,1195,jakie chan,1140455522
430,1208,john cusack,1140455540
430,1214,Gwenth Paltrow,1140455564
430,481,not by book,1165548741
430,1237,nair,1165548358
430,126,tobey maguire,1140454907
430,1260,books,1140455343
430,1260,relationships,1140455343
430,1275,mike myers,1140455409
430,2905,moore,1165548495
430,1320,collin farrel,1140455383
430,1339,I loved it! Seen it five times already!,1140454336
430,1364,Benicio Del Toro,1165548439
430,132,the best comic adaptation!,1140454370
445,2494,kung fu,1436621295
445,2494,martial arts,1436621295
445,2494,well done,1436621295
445,1600,feel good,1436621325
445,1600,light,1436621329
445,637,dark,1436621257
447,143,sci-fi,1444761481
447,143,supernatural powers,1444761492
449,7166,Alex van Warmerdam,1475737520
449,7166,magical realism,1475737516
449,7166,weird,1475737522
455,2998,action,1432308664
455,2998,desert,1432308674
455,2998,Dieselpunk,1432308755
455,2998,Mel Gibson,1432308659
455,2998,Post apocalyptic,1432308686
455,2998,post-apocalyptic,1432308656
455,134,dystopia,1432308622
455,134,thought-provoking,1432308624
455,7266,animation,1432309088
455,7266,anime,1432309076
455,7266,based on a TV show,1432309085
455,7266,fantasy world,1432309090
467,1977,National Film Registry,1296204035
467,1269,Adam Sandler,1296202619
477,1532,adventure,1446622291
477,1532,freedom,1446622248
477,1532,road trip,1446622240
477,1532,self discovery,1446622259
477,1532,travel,1446622390
477,4044,Iceland,1446830144
477,4044,photography,1446830153
477,4044,travel,1446830142
479,5198,who done it,1339456173
479,1608,aliens,1339283926
479,1608,humor,1339283929
479,1608,sci-fi,1339283933
479,1608,violence,1339283935
479,3974,claustrophobic,1339283636
479,3974,experiment,1339283627
479,3974,group psychology,1339283610
479,3974,psychological,1339283617
479,1728,aliens,1339284270
479,1728,franchise,1339284250
479,1728,funny,1339284240
479,1728,time travel,1339284259
480,143,George Lucas,1437000955
480,143,starwars,1437000940
480,2298,brother sister relationship,1437107499
480,2298,sad,1437107475
480,2298,siblings,1437107491
480,2322,cult film,1437105893
480,1856,big brother,1437004053
480,1856,documentary,1437004053
480,1856,privacy,1437004053
500,417,Pixar,1292956344
500,23,psychology,1292956276
500,23,twist ending,1292956362
500,49,dark comedy,1292956439
500,49,Quentin Tarantino,1292956435
500,103,dark comedy,1292956194
500,173,organized crime,1292956420
500,173,Quentin Tarantino,1292956416
500,923,dark comedy,1292956446
500,923,Guy Ritchie,1292956448
500,923,organized crime,1292956450
500,404,nonlinear,1292956226
500,404,time travel,1292956392
500,122,dark comedy,1292956481
500,122,psychology,1292956476
500,122,twist ending,1292956479
500,344,animation,1292956346
500,125,addiction,1292956422
500,125,psychology,1292956425
500,471,Guy Ritchie,1292956203
500,471,twist ending,1292956205
500,1991,psychology,1292956490
500,1310,multiple storylines,1292956518
500,5306,guy ritchie,1292956408
500,3181,based on a true story,1292956431
500,1559,assassin,1292956189
500,2493,Drugs,1292956230
500,2493,Guy Ritchie,1292956234
500,2493,twist ending,1292956236
500,1592,Quentin Tarantino,1292956453
500,1625,psychological,1292956215
500,1625,twist ending,1292956212
500,563,renegade art,1292956306
500,635,Pixar,1292956196
500,564,alternate reality,1292956469
502,143,Science Fiction,1432365802
502,143,space,1432365814
511,1625,Psychological Thriller,1434169401
511,564,Intrigued,1434169472
519,1160,baseball,1146596187
530,165,comedy of manners,1243454358
530,165,Disney,1243454364
530,165,Disney studios,1243454367
530,165,Julie Andrews,1243454386
530,165,multiple roles,1243454371
530,165,musical,1243454374
530,165,villain nonexistent or not needed for good story,1243454382
530,749,80's classic,1243454483
530,749,dance,1243454500
530,749,girlie movie,1243454518
530,749,music,1243454488
530,749,musical parodies,1243454503
530,749,rich families,1243454508
530,194,disturbing,1243454832
530,194,Nudity (Full Frontal - Notable),1243454840
530,194,Nudity (Full Frontal),1243454842
530,194,psychological,1243454846
530,194,violent,1243454848
530,336,demons,1243454875
530,336,horror,1243454878
530,336,possession,1243454880
530,336,scary,1243454882
530,2513,dance,1243454447
530,2513,girlie movie,1243454450
530,2513,Nudity (Topless),1243454452
530,2513,strippers,1243454454
530,479,comedy,1243510202
530,479,drama,1243510204
530,479,notable soundtrack,1243510209
530,479,quirky,1243510212
530,366,football,1243509668
530,366,Funny,1243509674
530,366,Keira Knightley,1243509670
530,366,love,1243509684
530,1354,funny,1243454300
530,1354,Jack Black,1243454312
530,1354,music,1243454317
530,1354,not only for kids,1243454321
530,1354,Rock,1243454333
530,1354,rock and roll,1243454326
530,370,british,1243454933
530,370,christmas,1243454936
530,370,ensemble cast,1243454939
530,370,Keira Knightley,1243454943
530,370,love,1243454946
530,370,multiple storylines,1243454948
530,370,Nudity (Topless - Notable),1243454950
530,370,Nudity (Topless),1243454952
530,370,Romance,1243454954
530,493,covers a lifespan,1243455160
530,493,memories,1243455166
530,380,comedy,1243454586
530,380,crude,1243454590
530,380,funny,1243454588
530,380,nerds,1243454598
530,380,Nudity (Topless - Notable),1243454603
530,380,Nudity (Topless),1243454610
530,380,sex,1243454608
530,1491,fashion,1243454978
530,1491,New York,1243454980
530,1491,Paris,1243454982
530,1491,Streep strong & funny,1243454985
530,5695,fashion,1243455007
530,5695,New York City,1243455012
530,5695,Nudity (Topless),1243455014
530,5695,R:strong sexual content,1243455020
530,5695,romance,1243455018
530,1574,funny,1243509641
530,1574,obvious plot,1243509645
530,3931,romance,1243455092
530,3931,Teen movie,1243455095
530,3931,vampires,1243455099
530,1578,Brad Pitt,1243455053
530,1578,cinematography,1243455057
530,1578,drama,1243455060
530,3231,easily confused with other movie(s) (title),1243454548
530,3231,funny,1243454556
530,3231,Jim carrey,1243454553
530,3231,Zooey Deschanel,1243454561
545,345,Gwyneth Paltrow,1301715429
545,345,Jude Law,1301715415
545,1071,Nudity (Rear),1301284184
545,1071,Nudity (Topless),1301284182
545,1071,sexy food,1301284180
545,5197,Nudity (Topless - Notable),1334013574
545,5197,Nudity (Topless),1334013570
545,1507,based on a book,1301715225
545,1507,twist ending,1301715231
545,3888,notable nudity,1301196436
545,3888,Nudity (Full Frontal),1301196425
546,682,holes90s,1342849999
546,387,holes90s,1342849862
546,691,holes90s,1342849839
546,53,holes90s,1342849790
546,59,holes90s,1342849955
546,153,afi,1182393913
546,88,holes90s,1342849969
546,2148,dvd,1388422564
546,2148,holes60s,1388820371
546,8597,getdvd,1423201850
546,623,holes60s,1342850735
546,5492,holes40s,1412348245
546,2162,afi,1182393876
546,7810,tcm,1189187818
546,4,holes80s,1342849456
546,105,holes80s,1342849599
546,769,holes60s,1351319934
546,770,holes80s,1342849466
546,1956,sightsound,1343973832
546,1959,holes90s,1342849804
546,784,tcm,1189187750
546,789,holes70s,1342849087
546,4392,holes80s,1342849477
546,791,holes40s,1412348178
546,791,tivo,1476583274
546,792,afi,1182394030
546,792,hdtv,1199396362
546,4824,sightsound,1343973703
546,2302,holes40s,1412348396
546,5496,holes40s,1412348211
546,2309,holes80s,1342849494
546,113,afi,1182394053
546,113,hdtv,1200784012
546,113,holes90s,1342849945
546,253,holes70s,1342849272
546,2317,holes70s,1342849166
546,5095,tcm,1412347392
546,2504,holes40s,1412348261
546,4528,holes90s,1342849749
546,1973,holes90s,1342849900
546,2327,getdvd,1350531508
546,2327,holes70s,1342849220
546,4422,tivo,1476583080
546,524,holes60s,1342850705
546,4430,getdvd,1412348038
546,4430,holes40s,1412348038
546,5499,holes40s,1412348319
546,6820,afi,1182393939
546,6820,holes40s,1412348275
546,4198,afi,1182393819
546,988,holes40s,1412348191
546,2688,holes80s,1342849685
546,1005,holes90s,1342849768
546,6312,holes70s,1342849030
546,2349,sightsound,1343973557
546,2352,holes70s,1342849114
546,5483,tivo,1476583329
546,2355,afi,1182433856
546,2355,hdtv,1200784036
546,5583,holes40s,1412348295
546,1066,getdvd,1418986019
546,1066,holes60s,1418986015
546,19,holes70s,1342849229
546,4457,holes80s,1342849435
546,1076,sightsound,1343973400
546,4571,holes60s,1342850721
546,3001,holes80s,1342849524
546,7493,holes70s,1431088744
546,2362,holes80s,1342849627
546,475,holes80s,1342849544
546,2792,holes80s,1342849552
546,4848,holes60s,1342850801
546,1979,holes70s,1342849298
546,4146,holes70s,1342849195
546,2861,holes80s,1342849514
546,362,holes00s,1342850481
546,2215,holes80s,1342849443
546,1293,holes00s,1342850231
546,7872,tosee,1475705682
546,1304,dvd,1259388129
546,1332,sightsound,1343973308
546,2009,sightsound,1343973230
546,1350,sightsound,1343973251
546,489,holes00s,1342850598
546,2416,sightsound,1343973754
546,7301,holes40s,1412348440
546,2418,sightsound,1343973328
546,7348,tcm,1189187983
546,492,holes00s,1342850493
546,1405,holes70s,1342849103
546,5602,getdvd,1412347952
546,2440,afi,1182393855
546,4351,holes80s,1342849418
546,2441,holes60s,1342850820
546,2038,sightsound,1343973620
546,6512,holes70s,1342849135
546,5605,tivo,1476583430
546,1420,holes00s,1342850358
546,5233,tcm,1189187687
546,4353,tcm,1189187626
546,2450,sightsound,1343973445
546,4166,sightsound,1343973817
546,3126,sightsound,1343973505
546,6900,holes70s,1342849254
546,7391,tcm,1189187673
546,1471,toplist05,1378985294
546,7401,toplist05,1378985376
546,2465,toplist05,1334343486
546,2469,toplist05,1378985440
546,381,toplist05,1378985328
546,2472,toplist06,1197165976
546,1476,hdtv,1200107294
546,1476,holes00s,1342850302
546,1479,toplist06,1197165844
546,1480,toplist06,1235048573
546,6175,toplist06,1197165941
546,6465,toplist06,1198810519
546,1496,toplist06,1197165894
546,7408,holes40s,1412348651
546,7408,tcm,1412348651
546,1497,toplist06,1197165832
546,3181,toplist06,1197164385
546,4177,holes70s,1342849207
546,4110,toplist06,1197164296
546,6864,toplist06,1197165707
546,1505,hdtv,1200549984
546,1505,holes00s,1342850387
546,559,toplist06,1197165676
546,3871,toplist06,1197165862
546,4279,toplist06,1197164312
546,1506,toplist06,1197165663
546,6865,toplist06,1197165695
546,136,holes00s,1342850218
546,1515,toplist07,1192323038
546,7419,toplist07,1197122754
546,3189,hdtv,1200875555
546,3189,holes00s,1342850259
546,4979,getdvd,1471606640
546,7420,toplist07,1197313756
546,3631,toplist07,1198811122
546,3436,toplist07,1187738100
546,1524,toplist07,1197122145
546,4735,getdvd,1467870755
546,1528,toplist07,1187738146
546,632,toplist07,1197122822
546,8093,toplist07,1187737659
546,1531,toplist07,1268555304
546,3439,toplist07,1197122048
546,7423,toplist08,1228486494
546,7100,holes00s,1472570165
546,7100,toplist07,1301765688
546,2489,toplist07,1197121987
546,1532,toplist07,1197121953
546,5712,toplist07,1268555286
546,1533,toplist07,1197122030
546,1534,toplist07,1195959915
546,2491,holes00s,1342850401
546,5147,getdvd,1412346850
546,5147,holes00s,1342850280
546,1535,holes00s,1342850172
546,1535,toplist07,1268555437
546,1537,toplist07,1197121965
546,4776,toplist07,1198811180
546,6257,toplist07,1268555500
546,1540,toplist07,1198968553
546,3208,toplist07,1200334592
546,1543,toplist07,1200334609
546,5148,toplist07,1201665448
546,7276,toplist07,1198968631
546,1546,toplist08,1250738298
546,7101,toplist08,1223243755
546,7427,toplist08,1207957343
546,1558,toplist08,1230814631
546,1564,toplist08,1223243682
546,1565,toplist08,1223243801
546,7102,holes00s,1342850181
546,7102,toplist08,1230870494
546,3223,holes00s,1342850379
546,3223,toplist08,1230814624
546,1567,toplist08,1223244145
546,7103,toplist08,1222269690
546,1572,toplist08,1228486518
546,3930,toplist08,1230814303
546,633,toplist08,1250440712
546,1576,toplist08,1230814286
546,4282,toplist08,1230942216
546,4185,toplist08,1230869509
546,1577,toplist08,1236951337
546,1585,toplist09,1253860576
546,1587,toplist09,1259384470
546,3238,toplist10,1270485757
546,8116,toplist08,1238823068
546,1589,getdvd,1321564884
546,1589,toplist09,1250742907
546,1591,toplist09,1250742829
546,1592,toplist09,1253860562
546,1600,holes00s,1342850438
546,1605,toplist09,1250742859
546,1608,toplist09,1250742877
546,1609,toplist09,1253860588
546,4189,toplist09,1292047039
546,1616,toplist09,1259383811
546,3960,toplist09,1259383809
546,1619,toplist09,1262145753
546,8129,toplist09,1257694906
546,7439,tivo,1476113567
546,1620,toplist09,1259383836
546,4721,toplist09,1262146022
546,3448,toplist09,1271429973
546,3256,tivo,1476113594
546,3449,toplist09,1267280510
546,4738,toplist10,1312868042
546,1625,toplist10,1276350948
546,3965,toplist10,1276350928
546,563,getdvd,1446815214
546,563,toplist10,1292077803
546,7278,toplist10,1296798992
546,635,toplist10,1293381435
546,1638,toplist10,1281363877
546,8143,toplist09,1277386636
546,564,toplist10,1279986154
546,1641,toplist10,1281363890
546,1648,toplist10,1287199615
546,565,toplist10,1294976085
546,568,toplist10,1292077909
546,1652,toplist10,1296799009
546,4193,getdvd,1468248495
546,4193,toplist11,1312868144
546,1654,toplist10,1296798962
546,1656,toplist10,1296799034
546,2497,toplist10,1296798978
546,4993,toplist10,1299563653
546,3459,toplist11,1328012694
546,7566,toplist11,1312868243
546,4844,toplist11,1317998755
546,1674,toplist11,1312868088
546,1680,toplist11,1312868078
546,569,toplist11,1322848734
546,8160,toplist11,1322849030
546,3465,toplist11,1322894457
546,8162,toplist11,1329513993
546,1694,toplist11,1317998768
546,1695,toplist11,1317998745
546,3040,toplist11,1327491628
546,4560,toplist11,1322848784
546,8167,toplist11,1322848999
546,3468,toplist11,1327491698
546,1701,toplist11,1332487973
546,1702,toplist11,1327491714
546,1707,toplist11,1327491687
546,4857,toplist11,1322848957
546,8178,toplist12,1355599327
546,1732,toplist12,1342275142
546,5951,toplist12,1354966882
546,7738,toplist12,1356967567
546,1739,toplist12,1348198533
546,8640,dvd,1387360646
546,5439,dvd,1367718836
546,4024,toplist12,1355599298
546,1743,dvd,1361888026
546,1743,toplist12,1354966811
546,3480,toplist12,1355599008
546,4025,toplist12,1356623017
546,7574,dvd,1369217683
546,7574,toplist12,1356409181
546,1746,toplist12,1353063038
546,4128,toplist13,1383626018
546,3305,toplist12,1354966835
546,3306,toplist12,1354966859
546,1750,toplist12,1356623118
546,575,toplist12,1354966894
546,1752,toplist12,1354966827
546,1754,toplist12,1355938883
546,1757,toplist12,1357543606
546,1758,toplist12,1356273884
546,5928,getdvd,1386729453
546,4031,toplist12,1386245688
546,1774,toplist13,1383626036
546,4033,toplist13,1386658060
546,8212,toplist13,1396017727
546,1785,toplist13,1383625950
546,3492,toplist13,1388209512
546,3314,dvd,1472303875
546,3048,toplist13,1386657913
546,3049,toplist13,1397129838
546,1792,toplist13,1386245656
546,3498,toplist13,1389766232
546,7135,toplist13,1386658220
546,1798,toplist13,1386657846
546,1799,toplist13,1386657798
546,3501,toplist13,1386946018
546,1810,toplist14,1402760218
546,1825,toplist14,1420131617
546,7582,tivo,1476113970
546,1830,toplist14,1416281804
546,3578,toplist14,1411137921
546,3328,getdvd,1423194952
546,3328,toplist14,1418485385
546,1832,toplist14,1417010184
546,1833,toplist14,1412347244
546,1836,toplist14,1407510485
546,3507,getdvd,1423194143
546,3513,toplist14,1417010271
546,3579,toplist14,1423131235
546,1846,toplist14,1431187332
546,1848,toplist15,1446211131
546,1849,toplist14,1417010500
546,1850,toplist14,1425780053
546,1854,toplist14,1417010208
546,1856,dvd,1473748292
546,1856,getdvd,1446815098
546,1856,toplist14,1417010466
546,5872,getdvd,1449757705
546,5872,toplist14,1449757002
546,1864,getdvd,1470112098
546,1864,toplist15,1449755519
546,3514,tivo,1476583101
546,3514,toplist15,1449756138
546,8261,toplist15,1449756046
546,3517,getdvd,1470111984
546,1874,toplist15,1449755822
546,6942,getdvd,1470112064
546,8265,toplist15,1468592921
546,8271,toplist15,1449754606
546,3520,getdvd,1470111738
546,1885,toplist15,1446210938
546,1888,toplist15,1446211185
546,8891,getdvd,1470111811
546,8891,toplist15,1449755731
546,8273,toplist15,1446283359
546,1896,toplist15,1446211164
546,1899,toplist15,1449755171
546,8900,tivo,1476583038
546,1904,toplist15,1446211303
546,3523,tivo,1476583167
546,8903,tivo,1476583059
546,8279,toplist15,1468077718
546,1908,toplist15,1449754627
546,1910,toplist15,1446211337
546,1913,toplist15,1449755899
546,1914,toplist15,1449755637
546,8289,toplist16,1467946629
546,8293,toplist16,1476419254
573,6576,Michael Mann,1232812787
582,1832,determination,1430526450
582,1832,devotion,1430526450
582,1832,music,1430526450
598,1583,honest,1344134759
598,8583,alex pettyfer,1306109318
610,1792,hijacking,1471521058
610,1792,ocean,1471521036
610,1792,pirates,1471521067
610,1792,suspense,1471521044
614,8235,revenge,1408781036
614,8235,vengeance,1408781025
614,8643,femme-fatale,1425503802
614,8643,gritty,1425503802
614,8643,low-budget,1425503802
629,143,classic sci-fi,1443807766
629,143,series,1443807803
651,9040,gay,1449533216
659,143,"imaginary world, characters, story, philosophical",1436680217
659,143,script,1436680177
659,6745,meaning of life,1436680885
659,6745,philosophical,1436680885
659,6745,sci-fi,1436680885
662,143,action,1438398078
662,143,Syfy,1438398050
